{
  "settings": {
    "REPROJ_THRESHOLD_PX": 2.0,
    "TRAIN_RATIO": 0.7,
    "SEED": 7,
    "CAM_ROT_BOUND_DEG": 3.0,
    "CAM_TRANS_BOUND_M": 0.002,
    "CAM_ROT_STEP_DEG": 0.1,
    "CAM_TRANS_STEP_M": 0.0001,
    "N_CAMERA_CANDIDATES": 120,
    "JOINT_OFF_BOUND_DEG": 1.0,
    "DH_BOUND_MM": 2.0,
    "LEVER_ARM_M": 0.15
  },
  "nominal_test_summary": {
    "N": 11,
    "t_err_m": {
      "mean": 0.014266299016788437,
      "median": 0.009933678361497443,
      "max": 0.03831996483514489,
      "rmse": 0.017264697902864425
    },
    "t_err_mm": {
      "mean": 14.266299016788441,
      "median": 9.933678361497442,
      "max": 38.31996483514489,
      "rmse": 17.264697902864427
    },
    "ang_err_rad": {
      "mean": 0.060858660567359106,
      "median": 0.04846897332894928,
      "max": 0.15721104732522637,
      "rmse": 0.07347766779364967
    },
    "ang_err_deg": {
      "mean": 3.486944397328925,
      "median": 2.777067609080946,
      "max": 9.00752950456692,
      "rmse": 4.209960253040461
    },
    "reproj_rmse_px": {
      "mean": 1.05492949773057,
      "median": 1.1641689490961158,
      "max": 1.7194531907722779,
      "rmse": 1.157892162357953
    }
  },
  "best_train_summary": {
    "N": 26,
    "t_err_m": {
      "mean": 0.010595107880504238,
      "median": 0.007270241992878696,
      "max": 0.052635741486683776,
      "rmse": 0.014773461613076199
    },
    "t_err_mm": {
      "mean": 10.59510788050424,
      "median": 7.270241992878697,
      "max": 52.63574148668378,
      "rmse": 14.773461613076197
    },
    "ang_err_rad": {
      "mean": 0.07480453780360631,
      "median": 0.06378202484954039,
      "max": 0.2920599531407385,
      "rmse": 0.0951789255018595
    },
    "ang_err_deg": {
      "mean": 4.285984304573459,
      "median": 3.6544408326772038,
      "max": 16.73380267975291,
      "rmse": 5.45335072984663
    },
    "reproj_rmse_px": {
      "mean": 1.048161122618602,
      "median": 0.8620701435584225,
      "max": 1.9339078201258597,
      "rmse": 1.1345081729304944
    }
  },
  "best_test_summary": {
    "N": 11,
    "t_err_m": {
      "mean": 0.010371339613453889,
      "median": 0.008604258396899522,
      "max": 0.02868712799313899,
      "rmse": 0.012408703166365817
    },
    "t_err_mm": {
      "mean": 10.37133961345389,
      "median": 8.604258396899523,
      "max": 28.68712799313899,
      "rmse": 12.408703166365818
    },
    "ang_err_rad": {
      "mean": 0.05122990563045158,
      "median": 0.04803920970964674,
      "max": 0.1591263588815502,
      "rmse": 0.06608476011712938
    },
    "ang_err_deg": {
      "mean": 2.935257377478368,
      "median": 2.752443967506643,
      "max": 9.117268773196908,
      "rmse": 3.786377844845981
    },
    "reproj_rmse_px": {
      "mean": 1.05492949773057,
      "median": 1.1641689490961158,
      "max": 1.7194531907722779,
      "rmse": 1.157892162357953
    }
  },
  "E_nominal_test": 59.36430043326904,
  "E_best_test": 50.27248161482563,
  "chosen_xi_bc_fixed": [
    -0.022689280275926284,
    0.0017453292519943296,
    0.013962634015954637,
    0.0001,
    -0.0004,
    0.0012000000000000001
  ],
  "joint_zero_offsets_rad": [
    0.017453292519943292,
    -0.004815356656094949,
    0.006126443992329787,
    -0.01019518197106213,
    -0.011309270561840078,
    -0.009305933823499256
  ],
  "delta_a_m": [
    -0.0019999999988985083,
    -0.0014650909280207697,
    -0.0019979282235066125,
    -0.0014997362720518756,
    0.001999999998822176,
    0.0019999999974273106
  ],
  "delta_d_m": [
    0.0019956625373703826,
    -0.00036141970956649955,
    -0.0003554576812681489,
    -0.00035502251461633303,
    -0.0015318170381785087,
    0.0019999999999999996
  ]
}