{
  "experiment_type": "robot_repeatability_test",
  "description": "Repeatability evaluation using checkerboard pose estimation from repeated returns to the same robot pose.",
  "image_pattern_used": "rep_*.*",
  "num_input_images_found": 20,
  "num_valid_images_used": 20,
  "reference_image": "rep_001.jpg",
  "checkerboard": {
    "inner_corners": {
      "cols": 9,
      "rows": 7
    },
    "square_size_m": 0.02
  },
  "camera_intrinsics": {
    "camera_matrix_3x3": [
      [
        1572.9338514293024,
        0.0,
        952.936772202578
      ],
      [
        0.0,
        1582.3983865805571,
        578.2012480790197
      ],
      [
        0.0,
        0.0,
        1.0
      ]
    ],
    "distortion_coefficients": [
      -0.38114960202973464,
      0.09091853311094379,
      -0.00470872493609046,
      -0.0012806888098315411,
      0.07953303549259323
    ]
  },
  "summary": {
    "center_shift_px": {
      "mean": 0.15553635447286068,
      "std": 0.11894072895817637,
      "max": 0.3289966881275177,
      "min": 0.0
    },
    "translation_error_mm": {
      "mean": 0.3750955294092695,
      "std": 0.2975338813791633,
      "max": 1.0682776079952907,
      "min": 0.0
    },
    "rotation_error_deg": {
      "mean": 0.19438095006263292,
      "std": 0.10238575603255176,
      "max": 0.3454767024824653,
      "min": 0.0
    }
  },
  "per_image_results": [
    {
      "image_name": "rep_001.jpg",
      "checkerboard_center_px": {
        "x": 978.5487670898438,
        "y": 471.4888916015625
      },
      "center_shift_px": 0.0,
      "translation_error_mm": 0.0,
      "rotation_error_deg": 0.0,
      "tvec_m": {
        "x": -0.058364243525781206,
        "y": -0.14624201791232486,
        "z": 1.2538809182931114
      },
      "rvec_rad": {
        "x": 0.00372524493749953,
        "y": -0.0006805210185773715,
        "z": 0.018487805514187418
      }
    },
    {
      "image_name": "rep_002.jpg",
      "checkerboard_center_px": {
        "x": 978.6212768554688,
        "y": 471.19476318359375
      },
      "center_shift_px": 0.30293428897857666,
      "translation_error_mm": 0.4358854762609172,
      "rotation_error_deg": 0.3286535164863033,
      "tvec_m": {
        "x": -0.0582826892726672,
        "y": -0.1465275450169867,
        "z": 1.2542000096980688
      },
      "rvec_rad": {
        "x": 0.009440879282729785,
        "y": -0.0011339519941040057,
        "z": 0.018659653946528944
      }
    },
    {
      "image_name": "rep_003.jpg",
      "checkerboard_center_px": {
        "x": 978.6576538085938,
        "y": 471.1784362792969
      },
      "center_shift_px": 0.3289966881275177,
      "translation_error_mm": 1.0682776079952907,
      "rotation_error_deg": 0.3454767024824653,
      "tvec_m": {
        "x": -0.05824957235519193,
        "y": -0.14657218314205908,
        "z": 1.2548904025631495
      },
      "rvec_rad": {
        "x": 0.006873773121208588,
        "y": 0.004445312334736833,
        "z": 0.018901344548957744
      }
    },
    {
      "image_name": "rep_004.jpg",
      "checkerboard_center_px": {
        "x": 978.6576538085938,
        "y": 471.1784362792969
      },
      "center_shift_px": 0.3289966881275177,
      "translation_error_mm": 1.0682776079952907,
      "rotation_error_deg": 0.3454767024824653,
      "tvec_m": {
        "x": -0.05824957235519193,
        "y": -0.14657218314205908,
        "z": 1.2548904025631495
      },
      "rvec_rad": {
        "x": 0.006873773121208588,
        "y": 0.004445312334736833,
        "z": 0.018901344548957744
      }
    },
    {
      "image_name": "rep_005.jpg",
      "checkerboard_center_px": {
        "x": 978.6588134765625,
        "y": 471.1805725097656
      },
      "center_shift_px": 0.3273696005344391,
      "translation_error_mm": 0.42350524603991696,
      "rotation_error_deg": 0.29439881729470957,
      "tvec_m": {
        "x": -0.05825818924050556,
        "y": -0.14652950492449637,
        "z": 1.2541732544007524
      },
      "rvec_rad": {
        "x": 0.008752771209115714,
        "y": 0.00036344124067194526,
        "z": 0.018678229292823846
      }
    },
    {
      "image_name": "rep_006.jpg",
      "checkerboard_center_px": {
        "x": 978.6121826171875,
        "y": 471.18170166015625
      },
      "center_shift_px": 0.31366729736328125,
      "translation_error_mm": 0.6631863779698353,
      "rotation_error_deg": 0.2717347146689779,
      "tvec_m": {
        "x": -0.058297182243003745,
        "y": -0.14653624021588632,
        "z": 1.2544714707398628
      },
      "rvec_rad": {
        "x": 0.006573032199750262,
        "y": 0.003102151411968523,
        "z": 0.0187617141663828
      }
    },
    {
      "image_name": "rep_007.jpg",
      "checkerboard_center_px": {
        "x": 978.6160888671875,
        "y": 471.1999816894531
      },
      "center_shift_px": 0.29664990305900574,
      "translation_error_mm": 0.4925959421170394,
      "rotation_error_deg": 0.1989467773155151,
      "tvec_m": {
        "x": -0.05828890193689022,
        "y": -0.14652131829464138,
        "z": 1.2542796233264524
      },
      "rvec_rad": {
        "x": 0.006927584669794051,
        "y": 0.0006356666366696342,
        "z": 0.01875183150240076
      }
    },
    {
      "image_name": "rep_008.jpg",
      "checkerboard_center_px": {
        "x": 978.5995483398438,
        "y": 471.3673400878906
      },
      "center_shift_px": 0.13173270225524902,
      "translation_error_mm": 0.14923840742880953,
      "rotation_error_deg": 0.17690782503317062,
      "tvec_m": {
        "x": -0.05831226570597219,
        "y": -0.14635914928115398,
        "z": 1.2539574078409987
      },
      "rvec_rad": {
        "x": 0.0047176261192116995,
        "y": -0.0036042001601427794,
        "z": 0.01845645714997999
      }
    },
    {
      "image_name": "rep_009.jpg",
      "checkerboard_center_px": {
        "x": 978.6080932617188,
        "y": 471.3460388183594
      },
      "center_shift_px": 0.1546819657087326,
      "translation_error_mm": 0.3691883639745464,
      "rotation_error_deg": 0.1758959794742647,
      "tvec_m": {
        "x": -0.058291010987647156,
        "y": -0.14640727848720542,
        "z": 1.2542028281964117
      },
      "rvec_rad": {
        "x": 0.006777477978844658,
        "y": -0.0008724861690343877,
        "z": 0.018756056949310675
      }
    },
    {
      "image_name": "rep_010.jpg",
      "checkerboard_center_px": {
        "x": 978.5946655273438,
        "y": 471.3270568847656
      },
      "center_shift_px": 0.16821753978729248,
      "translation_error_mm": 0.574086069047409,
      "rotation_error_deg": 0.15529181842250572,
      "tvec_m": {
        "x": -0.058315942169240256,
        "y": -0.14640936096447935,
        "z": 1.254427944888924
      },
      "rvec_rad": {
        "x": 0.003966544249651438,
        "y": 0.002012621446157562,
        "z": 0.018674867188828832
      }
    },
    {
      "image_name": "rep_011.jpg",
      "checkerboard_center_px": {
        "x": 978.5946655273438,
        "y": 471.3270568847656
      },
      "center_shift_px": 0.16821753978729248,
      "translation_error_mm": 0.574086069047409,
      "rotation_error_deg": 0.15529181842250572,
      "tvec_m": {
        "x": -0.058315942169240256,
        "y": -0.14640936096447935,
        "z": 1.254427944888924
      },
      "rvec_rad": {
        "x": 0.003966544249651438,
        "y": 0.002012621446157562,
        "z": 0.018674867188828832
      }
    },
    {
      "image_name": "rep_012.jpg",
      "checkerboard_center_px": {
        "x": 978.565185546875,
        "y": 471.43017578125
      },
      "center_shift_px": 0.06096813455224037,