{
  "camera_id": "cam4",
  "image_size_wh": {
    "width": 1920,
    "height": 1080
  },
  "pattern_size_inner_corners": {
    "cols": 9,
    "rows": 7
  },
  "square_size_m": 0.02,
  "num_images_used": 39,
  "used_images": [
    "img_01.jpg",
    "img_02.jpg",
    "img_03.jpg",
    "img_04.jpg",
    "img_05.jpg",
    "img_06.jpg",
    "img_07.jpg",
    "img_08.jpg",
    "img_09.jpg",
    "img_10.jpg",
    "img_11.jpg",
    "img_12.jpg",
    "img_13.jpg",
    "img_14.jpg",
    "img_15.jpg",
    "img_16.jpg",
    "img_17.jpg",
    "img_18.jpg",
    "img_19.jpg",
    "img_20.jpg",
    "img_21.jpg",
    "img_22.jpg",
    "img_23.jpg",
    "img_24.jpg",
    "img_25.jpg",
    "img_26.jpg",
    "img_27.jpg",
    "img_28.jpg",
    "img_29.jpg",
    "img_30.jpg",
    "img_31.jpg",
    "img_32.jpg",
    "img_33.jpg",
    "img_34.jpg",
    "img_35.jpg",
    "img_36.jpg",
    "img_37.jpg",
    "img_38.jpg",
    "img_39.jpg"
  ],
  "rejected_images": [],
  "intrinsics_K": {
    "fx": 1549.1559118052598,
    "fy": 1556.8292351596926,
    "cx": 1067.037332698248,
    "cy": 577.3290160538374,
    "matrix_3x3": [
      [
        1549.1559118052598,
        0.0,
        1067.037332698248
      ],
      [
        0.0,
        1556.8292351596926,
        577.3290160538374
      ],
      [
        0.0,
        0.0,
        1.0
      ]
    ]
  },
  "distortion": {
    "model": "opencv_standard",
    "coefficients": [
      -0.37208160063029777,
      0.08843515559313836,
      0.0008269668686247489,
      0.0005890971271810727,
      0.03346299490893924
    ]
  },
  "quality": {
    "rms_reported_by_opencv": 0.21469658916356307,
    "mean_reprojection_rmse_px": 0.21469616421265936,
    "per_image_reprojection_rmse_px": [
      0.2569054889802691,
      0.1813376228370305,
      0.19153225688124176,
      0.1919671148678365,
      0.17452989502429062,
      0.17213811764405987,
      0.21662271168075042,
      0.15214625229983997,
      0.18480666227089654,
      0.1768006140220011,
      0.15916629370491384,
      0.1863593107598998,
      0.2188960050817903,
      0.18273627239748283,
      0.2122597136167359,
      0.1658983404000642,
      0.1797614870810724,
      0.1830796848692128,
      0.19401516632151264,
      0.2033059696756946,
      0.19940969940746814,
      0.20688789673676475,
      0.185492219698998,
      0.2071864548723499,
      0.22452473009708987,
      0.15008704091445624,
      0.15903021080221535,
      0.19677714932640314,
      0.25668209908323714,
      0.2613828811176207,
      0.2140696770330381,
      0.23868582946754208,
      0.24536227027479016,
      0.2178907723870763,
      0.28711927814640753,
      0.24706396132077754,
      0.2802474920168037,
      0.3010134624801762,
      0.34171870023695095
    ]
  },
  "field_of_view_deg": {
    "horizontal": 63.572353281400424,
    "vertical": 38.25911151593058
  }
}