{
  "camera_id": "cam3",
  "image_size_wh": {
    "width": 1920,
    "height": 1080
  },
  "pattern_size_inner_corners": {
    "cols": 9,
    "rows": 7
  },
  "square_size_m": 0.02,
  "num_images_used": 37,
  "used_images": [
    "img_01.jpg",
    "img_02.jpg",
    "img_03.jpg",
    "img_04.jpg",
    "img_05.jpg",
    "img_06.jpg",
    "img_07.jpg",
    "img_08.jpg",
    "img_09.jpg",
    "img_10.jpg",
    "img_11.jpg",
    "img_12.jpg",
    "img_13.jpg",
    "img_14.jpg",
    "img_15.jpg",
    "img_16.jpg",
    "img_17.jpg",
    "img_18.jpg",
    "img_19.jpg",
    "img_20.jpg",
    "img_21.jpg",
    "img_22.jpg",
    "img_23.jpg",
    "img_24.jpg",
    "img_25.jpg",
    "img_26.jpg",
    "img_27.jpg",
    "img_28.jpg",
    "img_29.jpg",
    "img_30.jpg",
    "img_31.jpg",
    "img_32.jpg",
    "img_33.jpg",
    "img_34.jpg",
    "img_35.jpg",
    "img_36.jpg",
    "img_37.jpg"
  ],
  "rejected_images": [],
  "intrinsics_K": {
    "fx": 1570.6866037926247,
    "fy": 1580.453171278013,
    "cx": 1045.2302950637213,
    "cy": 557.5433541930988,
    "matrix_3x3": [
      [
        1570.6866037926247,
        0.0,
        1045.2302950637213
      ],
      [
        0.0,
        1580.453171278013,
        557.5433541930988
      ],
      [
        0.0,
        0.0,
        1.0
      ]
    ]
  },
  "distortion": {
    "model": "opencv_standard",
    "coefficients": [
      -0.352268716750205,
      -0.07003620436278478,
      0.00019882179766695868,
      0.002459634284266291,
      0.3523449339178088
    ]
  },
  "quality": {
    "rms_reported_by_opencv": 0.309322524053617,
    "mean_reprojection_rmse_px": 0.3093220826326691,
    "per_image_reprojection_rmse_px": [
      0.3353406287870478,
      0.2586656680114978,
      0.36016080799783967,
      0.3048656722458709,
      0.26981912447612594,
      0.207359118718157,
      0.2239124327891395,
      0.49689737937878925,
      0.4260824921240648,
      0.2785036900820697,
      0.2683640169780157,
      0.2118949318547021,
      0.26397617802999357,
      0.2608790401141449,
      0.43825239965898344,
      0.3295621749324652,
      0.30760660391180283,
      0.2870616987562145,
      0.20186853479234196,
      0.21319956741027832,
      0.2015667645062365,
      0.18662778511491612,
      0.2282944436439453,
      0.26362416213020645,
      0.3146179202817941,
      0.3458173148407258,
      0.28756280837707476,
      0.4826954473692679,
      0.319811831675496,
      0.39507667082136594,
      0.4191967619459171,
      0.31623886213835944,
      0.2890441092980721,
      0.29438553565297576,
      0.27296399113559305,
      0.30522780945520434,
      0.2104899190376485
    ]
  },
  "field_of_view_deg": {
    "horizontal": 62.866353211774744,
    "vertical": 37.72794339153362
  }
}