{
  "camera_id": "cam2",
  "image_size_wh": {
    "width": 1920,
    "height": 1080
  },
  "pattern_size_inner_corners": {
    "cols": 9,
    "rows": 7
  },
  "square_size_m": 0.02,
  "num_images_used": 38,
  "used_images": [
    "img_01.jpg",
    "img_02.jpg",
    "img_03.jpg",
    "img_04.jpg",
    "img_05.jpg",
    "img_06.jpg",
    "img_07.jpg",
    "img_08.jpg",
    "img_09.jpg",
    "img_10.jpg",
    "img_11.jpg",
    "img_12.jpg",
    "img_13.jpg",
    "img_14.jpg",
    "img_15.jpg",
    "img_16.jpg",
    "img_17.jpg",
    "img_18.jpg",
    "img_19.jpg",
    "img_20.jpg",
    "img_21.jpg",
    "img_22.jpg",
    "img_23.jpg",
    "img_24.jpg",
    "img_25.jpg",
    "img_26.jpg",
    "img_27.jpg",
    "img_28.jpg",
    "img_29.jpg",
    "img_30.jpg",
    "img_31.jpg",
    "img_32.jpg",
    "img_33.jpg",
    "img_34.jpg",
    "img_35.jpg",
    "img_36.jpg",
    "img_37.jpg",
    "img_38.jpg"
  ],
  "rejected_images": [],
  "intrinsics_K": {
    "fx": 1543.3076876923662,
    "fy": 1551.8864372058101,
    "cx": 983.5657161238531,
    "cy": 598.747284576371,
    "matrix_3x3": [
      [
        1543.3076876923662,
        0.0,
        983.5657161238531
      ],
      [
        0.0,
        1551.8864372058101,
        598.747284576371
      ],
      [
        0.0,
        0.0,
        1.0
      ]
    ]
  },
  "distortion": {
    "model": "opencv_standard",
    "coefficients": [
      -0.3416203070266552,
      -0.03171316813262942,
      0.0003309539031765322,
      0.00011906565034757232,
      0.2093908934160964
    ]
  },
  "quality": {
    "rms_reported_by_opencv": 0.22046255941117118,
    "mean_reprojection_rmse_px": 0.22046318992386968,
    "per_image_reprojection_rmse_px": [
      0.43359123534664346,
      0.21317856712970396,
      0.25813613775921757,
      0.16041745014513928,
      0.16969368164772733,
      0.1528937928322376,
      0.1994040777448904,
      0.2633956851341494,
      0.27807082323597726,
      0.1996092965224797,
      0.1909318185736028,
      0.1587292873084514,
      0.155080878295958,
      0.16641960714420648,
      0.21330144040036805,
      0.17818080064724262,
      0.20106899174220835,
      0.22279339969278145,
      0.2074684651192935,
      0.23377337471279025,
      0.2022597151389941,
      0.18510863956718648,
      0.17176603044222813,
      0.18228634823287387,
      0.20556805488498617,
      0.18291494522955104,
      0.15805953245710902,
      0.15537285937282366,
      0.17667576483761724,
      0.17267813015467037,
      0.22663652124856407,
      0.20774070728523597,
      0.24610513249689864,
      0.2392578476256112,
      0.26131082859794175,
      0.2825411346229989,
      0.2963510201622176,
      0.30366443152293104
    ]
  },
  "field_of_view_deg": {
    "horizontal": 63.766576657851246,
    "vertical": 38.372073170043116
  }
}