{
  "settings": {
    "REPROJ_THRESHOLD_PX": 2.0,
    "TRAIN_RATIO": 0.7,
    "SEED": 7,
    "CAM_ROT_BOUND_DEG": 3.0,
    "CAM_TRANS_BOUND_M": 0.002,
    "CAM_ROT_STEP_DEG": 0.1,
    "CAM_TRANS_STEP_M": 0.0001,
    "N_CAMERA_CANDIDATES": 120,
    "JOINT_OFF_BOUND_DEG": 1.0,
    "DH_BOUND_MM": 2.0,
    "LEVER_ARM_M": 0.15
  },
  "nominal_test_summary": {
    "N": 12,
    "t_err_m": {
      "mean": 0.012061356549947768,
      "median": 0.011132249325282076,
      "max": 0.020964682395160722,
      "rmse": 0.012766079144921233
    },
    "t_err_mm": {
      "mean": 12.061356549947767,
      "median": 11.132249325282077,
      "max": 20.96468239516072,
      "rmse": 12.766079144921234
    },
    "ang_err_rad": {
      "mean": 0.04486137684291561,
      "median": 0.026399308669228544,
      "max": 0.23529235730094253,
      "rmse": 0.073841102220519
    },
    "ang_err_deg": {
      "mean": 2.57036755624499,
      "median": 1.5125689688099215,
      "max": 13.481259025028189,
      "rmse": 4.23078351182983
    },
    "reproj_rmse_px": {
      "mean": 0.13010376290719364,
      "median": 0.12966612117217255,
      "max": 0.18695904530516996,
      "rmse": 0.13468323350038505
    }
  },
  "best_train_summary": {
    "N": 28,
    "t_err_m": {
      "mean": 0.005399218176078746,
      "median": 0.004733492577029921,
      "max": 0.020329012401385543,
      "rmse": 0.006486141208405763
    },
    "t_err_mm": {
      "mean": 5.399218176078746,
      "median": 4.733492577029921,
      "max": 20.329012401385544,
      "rmse": 6.486141208405764
    },
    "ang_err_rad": {
      "mean": 0.03523454059891256,
      "median": 0.027875505795132975,
      "max": 0.22850971817925816,
      "rmse": 0.05362447569321076
    },
    "ang_err_deg": {
      "mean": 2.018790469400042,
      "median": 1.5971488338535873,
      "max": 13.092642429395354,
      "rmse": 3.0724561358228457
    },
    "reproj_rmse_px": {
      "mean": 0.13860499040345656,
      "median": 0.12989037261074524,
      "max": 0.22187394885096576,
      "rmse": 0.14276821530176223
    }
  },
  "best_test_summary": {
    "N": 12,
    "t_err_m": {
      "mean": 0.006297702828286814,
      "median": 0.0050681634825725415,
      "max": 0.022052031803093602,
      "rmse": 0.008042461136197753
    },
    "t_err_mm": {
      "mean": 6.297702828286815,
      "median": 5.068163482572541,
      "max": 22.052031803093602,
      "rmse": 8.042461136197753
    },
    "ang_err_rad": {
      "mean": 0.043883366678047514,
      "median": 0.02352299791667553,
      "max": 0.2373071694964634,
      "rmse": 0.07528461678832395
    },
    "ang_err_deg": {
      "mean": 2.5143317014771536,
      "median": 1.3477685021205361,
      "max": 13.596699260343023,
      "rmse": 4.313490804230704
    },
    "reproj_rmse_px": {
      "mean": 0.13010376290719364,
      "median": 0.12966612117217255,
      "max": 0.18695904530516996,
      "rmse": 0.13468323350038505
    }
  },
  "E_nominal_test": 55.073914263219535,
  "E_best_test": 51.17736917850479,
  "chosen_xi_bc_fixed": [
    0.019198621771937624,
    0.006981317007977318,
    0.0471238898038469,
    0.0004,
    -0.0007,
    0.0001
  ],
  "joint_zero_offsets_rad": [
    0.01745329212708792,
    0.01325155833507627,
    -0.002193351004866043,
    -0.00633229957410116,
    0.017453292515638617,
    -0.0015763571787624302
  ],
  "delta_a_m": [
    0.0019999999414975875,
    -0.0002424202723829065,
    -0.001999999999999862,
    -0.0019999999795842645,
    -0.00032874762425451527,
    0.001999977593684429
  ],
  "delta_d_m": [
    -0.0019999728170637214,
    -0.001800616590453602,
    -0.0018006166578543779,
    -0.0018006166354548954,
    0.0019999996539831395,
    0.0006112631614290391
  ]
}