{
  "settings": {
    "REPROJ_THRESHOLD_PX": 6.0,
    "TRAIN_RATIO": 0.7,
    "SEED": 7,
    "JOINT_OFF_BOUND_DEG": 1.0,
    "DH_BOUND_MM": 2.0,
    "LEVER_ARM_M": 0.15
  },
  "nominal_test_summary": {
    "N": 11,
    "t_err_m": {
      "mean": 0.009878507576930214,
      "median": 0.008174756788622532,
      "max": 0.01904295054450733,
      "rmse": 0.010586687689822153
    },
    "t_err_mm": {
      "mean": 9.878507576930211,
      "median": 8.174756788622531,
      "max": 19.04295054450733,
      "rmse": 10.586687689822153
    },
    "ang_err_rad": {
      "mean": 0.04491238448545101,
      "median": 0.02406460273379108,
      "max": 0.2577345466271703,
      "rmse": 0.08196944002710657
    },
    "ang_err_deg": {
      "mean": 2.573290078885181,
      "median": 1.378800172305212,
      "max": 14.767101756454585,
      "rmse": 4.696502962603922
    },
    "reproj_mean_rmse_px": {
      "mean": 4.552115192404484,
      "median": 4.3651978527844335,
      "max": 5.7308598047937895,
      "rmse": 4.5786150613218295
    }
  },
  "best_train_summary": {
    "N": 27,
    "t_err_m": {
      "mean": 0.005183147378510948,
      "median": 0.003981412443396736,
      "max": 0.019499659544662436,
      "rmse": 0.006175428103895029
    },
    "t_err_mm": {
      "mean": 5.18314737851095,
      "median": 3.981412443396736,
      "max": 19.499659544662435,
      "rmse": 6.175428103895029
    },
    "ang_err_rad": {
      "mean": 0.028188482704439258,
      "median": 0.020289997426234222,
      "max": 0.21957703455826272,
      "rmse": 0.048286600012686365
    },
    "ang_err_deg": {
      "mean": 1.615081089841886,
      "median": 1.1625312188545238,
      "max": 12.58083735818668,
      "rmse": 2.766618387763276
    },
    "reproj_mean_rmse_px": {
      "mean": 4.798270515948026,
      "median": 4.563133502986757,
      "max": 5.842847743317348,
      "rmse": 4.833222206440838
    }
  },
  "best_test_summary": {
    "N": 11,
    "t_err_m": {
      "mean": 0.005532738389713503,
      "median": 0.003161946829522657,
      "max": 0.022288048213445374,
      "rmse": 0.007850068578071712
    },
    "t_err_mm": {
      "mean": 5.5327383897135025,
      "median": 3.1619468295226567,
      "max": 22.288048213445375,
      "rmse": 7.850068578071713
    },
    "ang_err_rad": {
      "mean": 0.04260615015892691,
      "median": 0.01818872143974314,
      "max": 0.25766179530545685,
      "rmse": 0.08102998923212812
    },
    "ang_err_deg": {
      "mean": 2.4411525854071536,
      "median": 1.042136973236396,
      "max": 14.762933412766404,
      "rmse": 4.6426763969914475
    },
    "reproj_mean_rmse_px": {
      "mean": 4.552115192404484,
      "median": 4.3651978527844335,
      "max": 5.7308598047937895,
      "rmse": 4.5786150613218295
    }
  },
  "E_nominal_test": 57.55171731586137,
  "E_best_test": 54.27683254798619,
  "joint_zero_offsets_rad": [
    0.0019814165411924,
    -0.013942184061297764,
    0.0002497387202510753,
    0.01744513013656046,
    0.0031137910382603067,
    -0.008245001974263843
  ],
  "delta_a_m": [
    0.00199999996955896,
    0.0003580011756997909,
    0.001999936508434046,
    -0.0019999998638051087,
    -0.0019999999823144712,
    0.0005252856887032687
  ],
  "delta_d_m": [
    0.001999993232856576,
    -0.001431793137628878,
    -0.0014317540172879186,
    -0.001431777138370935,
    -0.001999918232992348,
    -0.001999999995684823
  ]
}