{
  "camera_id": "cam1",
  "image_size_wh": {
    "width": 1920,
    "height": 1080
  },
  "pattern_size_inner_corners": {
    "cols": 9,
    "rows": 7
  },
  "square_size_m": 0.02,
  "num_images_used": 36,
  "used_images": [
    "img_01.jpg",
    "img_02.jpg",
    "img_03.jpg",
    "img_04.jpg",
    "img_05.jpg",
    "img_06.jpg",
    "img_07.jpg",
    "img_08.jpg",
    "img_09.jpg",
    "img_10.jpg",
    "img_11.jpg",
    "img_12.jpg",
    "img_13.jpg",
    "img_14.jpg",
    "img_15.jpg",
    "img_16.jpg",
    "img_17.jpg",
    "img_18.jpg",
    "img_19.jpg",
    "img_20.jpg",
    "img_21.jpg",
    "img_22.jpg",
    "img_23.jpg",
    "img_24.jpg",
    "img_25.jpg",
    "img_26.jpg",
    "img_27.jpg",
    "img_28.jpg",
    "img_29.jpg",
    "img_30.jpg",
    "img_31.jpg",
    "img_32.jpg",
    "img_33.jpg",
    "img_34.jpg",
    "img_35.jpg",
    "img_36.jpg"
  ],
  "rejected_images": [],
  "intrinsics_K": {
    "fx": 1572.9338514293024,
    "fy": 1582.3983865805571,
    "cx": 952.936772202578,
    "cy": 578.2012480790197,
    "matrix_3x3": [
      [
        1572.9338514293024,
        0.0,
        952.936772202578
      ],
      [
        0.0,
        1582.3983865805571,
        578.2012480790197
      ],
      [
        0.0,
        0.0,
        1.0
      ]
    ]
  },
  "distortion": {
    "model": "opencv_standard",
    "coefficients": [
      -0.38114960202973464,
      0.09091853311094379,
      -0.00470872493609046,
      -0.0012806888098315411,
      0.07953303549259323
    ]
  },
  "quality": {
    "rms_reported_by_opencv": 0.2487535871990632,
    "mean_reprojection_rmse_px": 0.24875324057682527,
    "per_image_reprojection_rmse_px": [
      0.26634877815677616,
      0.19093872410152646,
      0.20384028337058338,
      0.1636756241937612,
      0.1852473427619678,
      0.18736660703556401,
      0.19691592029159918,
      0.20042098403714248,
      0.1918636124396668,
      0.1790245915893519,
      0.20816992203354953,
      0.2265992783658127,
      0.19511231752542846,
      0.36433831299021197,
      0.2437214951723018,
      0.21738435866307723,
      0.3140139063177007,
      0.24789076233442586,
      0.3212684980525073,
      0.279659706677767,
      0.2808231046029214,
      0.3269896300981398,
      0.228382597813348,
      0.267515313406213,
      0.2569398984729118,
      0.38418774558444596,
      0.28992981043422006,
      0.24792258502748016,
      0.38784788327690245,
      0.22845106075764393,
      0.28995104966540586,
      0.14364609353348093,
      0.17813913782873733,
      0.24305925976002302,
      0.17957135014428957,
      0.1482896918280647
    ]
  },
  "field_of_view_deg": {
    "horizontal": 62.79347544414692,
    "vertical": 37.684839166176374
  }
}